1,35,Operative heuristic knowledge base,2021-09-29,4:12:35.000
2,1,User-centric homogeneous interface,2021-04-13,19:21:34.000
3,34,Reverse-engineered intermediate initiative,2020-10-05,10:41:09.000
4,97,Enhanced solution-oriented concept,2021-08-23,20:11:34.000
5,38,Business-focused maximized framework,2020-05-11,2:53:11.000
6,25,Customizable eco-centric Graphic Interface,2021-01-29,1:08:33.000
7,59,Balanced responsive intranet,2021-04-12,11:05:00.000
8,18,Reduced solution-oriented standardization,2020-07-19,11:17:51.000
9,82,Robust cohesive instruction set,2020-03-09,6:05:30.000
10,96,Front-line optimal support,2020-06-19,14:19:43.000
11,10,Reactive impactful concept,2020-09-17,5:19:53.000
12,7,Inverse reciprocal help-desk,2021-09-14,18:17:47.000
13,35,Centralized motivating paradigm,2021-07-23,8:37:27.000
14,1,Mandatory disintermediate ability,2020-03-09,9:06:06.000
15,62,Down-sized holistic framework,2021-09-25,14:43:33.000
16,66,Grass-roots systemic infrastructure,2020-07-07,10:38:01.000
17,6,Open-architected regional budgetary management,2020-06-17,5:13:47.000
18,97,Managed reciprocal task-force,2021-05-26,1:11:13.000
19,9,De-engineered modular neural-net,2021-02-16,11:27:36.000
20,84,User-centric local superstructure,2021-10-07,13:54:56.000
21,46,Operative eco-centric extranet,2020-10-02,11:40:16.000
22,35,Seamless foreground algorithm,2020-08-17,20:06:02.000
23,56,Exclusive solution-oriented model,2020-08-06,14:39:16.000
24,50,Cross-group systemic process improvement,2021-05-12,14:19:58.000
25,5,User-friendly web-enabled monitoring,2020-01-11,0:30:21.000
26,21,Open-source disintermediate secured line,2021-05-10,18:45:52.000
27,28,Intuitive zero tolerance website,2020-06-02,11:39:19.000
28,72,Extended 24 hour alliance,2020-06-06,15:52:52.000
29,25,Switchable uniform solution,2021-10-08,15:00:24.000
30,87,Future-proofed static migration,2020-10-10,3:57:09.000
31,85,Exclusive real-time application,2020-06-18,12:17:44.000
32,30,Universal demand-driven workforce,2021-04-13,23:53:10.000
33,88,Cloned dedicated help-desk,2020-04-28,3:12:07.000
34,28,Customizable motivating framework,2021-02-09,19:59:25.000
35,88,Vision-oriented multimedia toolset,2021-09-03,4:48:53.000
36,85,Managed holistic attitude,2021-10-10,2:45:48.000
37,46,Organic zero tolerance leverage,2021-04-29,6:11:17.000
38,96,Horizontal 6th generation workforce,2021-09-30,3:07:35.000
39,24,Operative executive synergy,2021-07-17,2:04:14.000
40,98,Distributed secondary budgetary management,2020-04-21,9:56:10.000
41,38,Multi-channelled motivating website,2021-09-20,18:43:27.000
42,45,Centralized dynamic infrastructure,2021-08-22,13:41:44.000
43,19,Ameliorated optimal moderator,2021-03-01,14:02:08.000
44,44,Future-proofed disintermediate customer loyalty,2020-11-19,5:14:53.000
45,7,Intuitive homogeneous intranet,2021-07-25,9:52:15.000
46,67,Multi-channelled next generation approach,2020-05-30,7:13:19.000
47,28,Realigned logistical workforce,2021-06-24,4:34:12.000
48,95,Upgradable foreground hierarchy,2021-02-13,20:00:46.000
49,50,Reactive stable task-force,2021-01-15,13:31:53.000
50,41,Future-proofed actuating moderator,2021-02-21,3:26:14.000
51,48,Implemented well-modulated open system,2020-05-30,3:33:20.000
52,78,Inverse clear-thinking leverage,2020-12-07,6:57:57.000
53,44,Customer-focused responsive focus group,2021-08-29,4:39:41.000
54,96,Focused optimal paradigm,2020-01-01,0:41:44.000
55,98,Enterprise-wide web-enabled focus group,2020-09-02,7:58:55.000
56,68,Monitored content-based utilisation,2021-09-21,12:35:47.000
57,18,Expanded needs-based analyzer,2021-09-04,4:36:56.000
58,19,Automated context-sensitive ability,2020-06-04,6:23:47.000
59,25,Triple-buffered bi-directional archive,2021-01-10,23:56:27.000
60,30,Operative maximized methodology,2020-08-18,18:21:08.000
61,36,Mandatory optimizing encryption,2021-04-25,13:59:11.000
62,69,Face to face holistic capability,2021-07-23,3:40:01.000
63,18,Organized background capability,2021-10-23,21:33:24.000
64,70,Future-proofed leading edge monitoring,2021-03-27,16:52:41.000
65,88,Self-enabling actuating archive,2021-06-12,8:26:59.000
66,51,Down-sized composite attitude,2021-06-28,12:29:31.000
67,53,Upgradable hybrid forecast,2020-11-26,4:53:28.000
68,58,Sharable methodical product,2020-08-25,21:52:14.000
69,8,Cloned impactful system engine,2020-04-08,21:59:39.000
70,38,Intuitive logistical data-warehouse,2020-04-02,21:18:40.000
71,67,Re-engineered foreground project,2020-04-05,21:39:17.000
72,33,Visionary tangible utilisation,2021-03-26,7:12:41.000
73,45,Synergized systematic conglomeration,2021-01-10,0:46:55.000
74,61,Cross-group zero administration paradigm,2020-12-09,4:10:56.000
75,22,Organized multi-tasking initiative,2020-01-29,9:21:31.000
76,96,Assimilated directional archive,2020-11-21,7:12:37.000
77,22,Automated 3rd generation infrastructure,2021-05-25,6:18:49.000
78,85,Organic transitional software,2021-06-05,15:06:17.000
79,40,Managed solution-oriented support,2021-10-15,8:07:52.000
80,14,Team-oriented tangible capability,2021-05-31,16:53:11.000
81,73,Total composite projection,2021-02-25,13:27:36.000
82,4,Cloned heuristic knowledge user,2020-01-18,0:22:39.000
83,3,Open-architected content-based capability,2020-08-29,20:06:36.000
84,27,Down-sized optimizing access,2021-10-18,15:30:22.000
85,85,Down-sized logistical policy,2020-04-29,12:49:38.000
86,79,Diverse methodical help-desk,2020-09-11,13:28:36.000
87,47,Multi-lateral fault-tolerant database,2020-02-07,21:01:10.000
88,20,Open-architected motivating contingency,2021-10-15,17:31:22.000
89,83,Quality-focused stable Graphical User Interface,2021-03-01,19:16:09.000
90,49,Phased asynchronous groupware,2021-01-02,13:13:42.000
91,61,Profit-focused impactful core,2021-09-20,14:03:43.000
92,28,Mandatory client-server conglomeration,2020-08-28,16:19:33.000
93,60,Face to face discrete task-force,2020-05-30,16:35:45.000
94,44,Stand-alone responsive instruction set,2020-11-08,13:54:15.000
95,26,Pre-emptive interactive alliance,2020-09-03,10:37:27.000
96,59,Ameliorated multimedia pricing structure,2021-08-07,10:12:00.000
97,93,Re-engineered next generation architecture,2021-07-22,1:14:23.000
98,63,Re-contextualized uniform array,2020-07-24,23:01:42.000
99,80,Versatile mobile local area network,2021-01-10,7:51:40.000
100,73,Business-focused dynamic definition,2020-06-26,16:36:33.000
