1,2,gboatswain0@tinyurl.com
2,13,wmcginly1@netvibes.com
3,28,csambeck2@vkontakte.ru
4,41,pparslow3@merriam-webster.com
5,58,doaks4@homestead.com
6,60,ployns5@dailymail.co.uk
7,12,btanzer6@fema.gov
8,62,mpotts7@hugedomains.com
9,87,kocurrane8@ucoz.ru
10,9,prace9@nsw.gov.au
11,88,pdoldera@topsy.com
12,15,rfulmenb@gravatar.com
13,57,vmadlec@cnn.com
14,1,aaudleyd@icio.us
15,39,bsheardowne@posterous.com
16,11,hiorif@reference.com
17,59,gmullalyg@discovery.com
18,40,ohearnesh@walmart.com
19,56,kiansoni@adobe.com
20,42,kyurkevichj@census.gov
21,61,gberensk@yale.edu
22,84,wpallentl@jugem.jp
23,14,mvegasm@ibm.com
24,86,hradclyffen@blogger.com
25,81,myonnieo@cdbaby.com
26,85,egarbuttp@desdev.cn
27,3,maspinalq@theglobeandmail.com
28,27,cnorwichr@gov.uk
29,55,bferonets@wordpress.com
30,16,slemarquist@youtube.com
31,89,lablottu@shareasale.com
32,29,bexellv@vkontakte.ru
33,63,gbadrickw@opensource.org
34,43,dbaggarleyx@simplemachines.org
35,82,lphysicy@alexa.com
36,10,mharroldz@shutterfly.com
37,64,ngreeson10@cisco.com
38,83,blardeux11@slate.com
39,90,mseacroft12@seesaa.net
40,30,litzkovwich13@mapquest.com
41,54,cambroz14@forbes.com
42,26,csellars15@tamu.edu
43,80,trustedge16@github.com
44,44,jhenze17@jalbum.net
45,53,aport18@ocn.ne.jp
46,65,mindruch19@comsenz.com
47,17,jstatham1a@woothemes.com
48,31,sburkart1b@nps.gov
49,67,chails1c@twitter.com
50,52,wwoodall1d@free.fr
51,25,opalmer1e@home.pl
52,79,trouthorn1f@microsoft.com
53,66,kshekle1g@tuttocitta.it
54,38,amattea1h@earthlink.net
55,51,ggellett1i@slate.com
56,32,vbardell1j@salon.com
57,91,jfranscioni1k@quantcast.com
58,18,mfley1l@spiegel.de
59,68,dhendrickson1m@cargocollective.com
60,24,ucapper1n@deviantart.com
61,50,tsanbrook1o@dedecms.com
62,45,rgaliford1p@arstechnica.com
63,33,jbelin1q@nifty.com
64,78,jhouson1r@facebook.com
65,69,mvlasov1s@topsy.com
66,4,fconnop1t@myspace.com
67,77,kallgood1u@discovery.com
68,70,dbottby1v@1und1.de
69,34,ijoburn1w@jiathis.com
70,23,nseares1x@domainmarket.com
71,49,ohavelin1y@earthlink.net
72,94,ekedward1z@nba.com
73,46,eford20@nytimes.com
74,92,ywagen21@washingtonpost.com
75,8,sgrieswood22@deviantart.com
76,93,thercules23@google.co.uk
77,76,gkuscha24@mapy.cz
78,37,umoore25@java.com
79,72,ptadman26@census.gov
80,19,tchasmor27@nature.com
81,47,dbeadell28@zimbio.com
82,5,mgyer29@ameblo.jp
83,71,bbonanno2a@tmall.com
84,22,ecurnucke2b@about.com
85,35,lgurnell2c@cnbc.com
86,98,nbleasdale2d@cbslocal.com
87,97,egiacobbinijacob2e@go.com
88,48,kmountney2f@paginegialle.it
89,99,jkasbye2g@telegraph.co.uk
90,7,afinding2h@shinystat.com
91,20,otaree2i@hibu.com
92,75,lparriss2j@clickbank.net
93,96,vcrum2k@amazonaws.com
94,100,adeinhardt2l@meetup.com
95,73,cmagowan2m@dedecms.com
96,95,kpowys2n@seesaa.net
97,36,tdanahar2o@acquirethisname.com
98,74,bpaylie2p@ft.com
99,21,dtomlinson2q@ask.com
100,6,sshewry2r@mashable.com
